player_name,goals,xG,Actual to xG,Goals to xG %,assists,xA,Assists to xA %,Actual to xA,year,age
Erling Haaland,36,32.761399537324905,3.2386004626750946,9.885415484113777,8,5.8491098545491695,36.77294834491725,2.1508901454508305,2022,22.0
Harry Kane,30,23.06444012373686,6.935559876263142,30.070358695268663,3,7.547407771460712,-60.25125326679699,-4.547407771460712,2022,29.0
Ivan Toney,20,21.69119757413864,-1.6911975741386414,-7.796699874952842,4,4.909892840310931,-18.53182686270827,-0.9098928403109312,2022,26.0
Mohamed Salah,19,23.340063713490963,-4.340063713490963,-18.594909451692416,12,8.720245610922575,37.610802899511874,3.279754389077425,2022,30.0
Callum Wilson,18,18.856768030673265,-0.8567680306732655,-4.543557142345963,5,3.567963434383273,40.13596529091829,1.4320365656167269,2022,30.0
Marcus Rashford,17,18.761760517954823,-1.7617605179548228,-9.390166324044245,5,3.735412929207087,33.85401011237989,1.264587070792913,2022,24.0
Martin Odegaard,15,9.137760860845448,5.862239139154552,64.15400039930748,7,9.209956639446318,-23.995299065590125,-2.209956639446318,2022,23.0
Gabriel Martinelli,15,10.538134384900331,4.4618656150996685,42.340185199126864,5,9.349485490471125,-46.52112134837863,-4.349485490471125,2022,21.0
Ollie Watkins,15,17.486295863986015,-2.4862958639860158,-14.218539382641229,6,3.674034003168345,63.308232717112354,2.325965996831655,2022,26.0
Aleksandar Mitrovic,14,16.17901684064418,-2.1790168406441808,-13.468165971433784,1,2.334498234093189,-57.16424260271761,-1.3344982340931888,2022,28.0
Bukayo Saka,14,11.300049655139446,2.6999503448605537,23.893260890518057,11,7.042980744503439,56.18387156013086,3.9570192554965606,2022,20.0
Rodrigo,13,8.572983920574188,4.427016079425812,51.63915062060802,1,2.298705962486565,-56.49726340300278,-1.2987059624865651,2022,31.0
Harvey Barnes,13,9.120478011667728,3.879521988332272,42.536388809547496,1,3.107304636389017,-67.81776758257939,-2.107304636389017,2022,24.0
Roberto Firmino,11,8.122956335544586,2.877043664455414,35.41867696451835,4,3.054840091615916,30.939750691962537,0.9451599083840844,2022,30.0
Gabriel Jesus,11,16.171134389936924,-5.171134389936924,-31.97756116079804,6,4.243733491748571,41.38493879661099,1.7562665082514286,2022,25.0
Phil Foden,11,6.185852009803057,4.814147990196943,77.82514005455839,6,5.697479462251067,5.309725813902405,0.3025205377489328,2022,22.0
Miguel Almirón,11,8.727059464901686,2.2729405350983143,26.044746735593836,2,2.9551383573561907,-32.32127372238177,-0.9551383573561908,2022,28.0
Son Heung-Min,10,9.597895424813032,0.4021045751869678,4.189507776334216,6,6.334341483190656,-5.278235852580612,-0.3343414831906557,2022,31.0
Alexander Isak,10,8.784851711243391,1.215148288756609,13.832314177840791,1,1.7707323329523206,-43.52619075223458,-0.7707323329523206,2022,22.0
James Maddison,10,8.489387180656195,1.510612819343805,17.794132688232995,9,7.773198906332254,15.782448235929753,1.2268010936677456,2022,25.0
Taiwo Awoniyi,10,8.0510318800807,1.9489681199193,24.20768106435277,1,1.02802275121212,-2.725888233414973,-0.02802275121212,2022,24.0
Alexis Mac Allister,10,11.532242968678474,-1.5322429686784744,-13.286599778031388,2,3.928120201453567,-49.085061112439554,-1.928120201453567,2022,23.0
Eberechi Eze,10,6.831764040514827,3.168235959485173,46.37507883317384,4,4.619440779089928,-13.40943219564259,-0.6194407790899277,2022,24.0
Pascal Groß,9,5.954401790164411,3.045598209835589,51.14868490847163,8,11.246030485257506,-28.863788778740627,-3.2460304852575064,2022,31.0
James Ward-Prowse,9,5.408911099657416,3.591088900342584,66.39208584090117,4,6.058508426882327,-33.977148859750336,-2.0585084268823266,2022,27.0
Bryan Mbeumo,9,10.100785619579256,-1.1007856195792556,-10.898019827739978,8,7.65799580514431,4.465975218032195,0.34200419485569,2022,22.0
Darwin Núñez,9,14.374805428087711,-5.374805428087711,-37.39045690027629,3,5.6468874625861645,-46.87338786408082,-2.6468874625861645,2022,23.0
Julián Álvarez,9,7.753276175819337,1.2467238241806626,16.07996150155084,0,2.0468210969120264,-100.0,-2.0468210969120264,2022,22.0
Ilkay Gündogan,8,7.842695340514183,0.1573046594858169,2.0057474204461925,4,3.444544769823551,16.125649898430623,0.5554552301764488,2022,32.0
Danny Ings,8,8.25754163786769,-0.2575416378676891,-3.118865749179474,2,1.4635955430567265,36.64977387284128,0.5364044569432735,2022,30.0
Bruno Fernandes,8,9.385456696152689,-1.3854566961526888,-14.761739796003948,8,17.266709440387785,-53.66806844338529,-9.266709440387784,2022,27.0
Leandro Trossard,8,7.068454213440418,0.9315457865595818,13.178918026918533,12,6.358577378094196,88.72145900655313,5.641422621905804,2022,27.0
Brennan Johnson,8,8.266518421471119,-0.2665184214711189,-3.224070979856221,3,3.7432961594313374,-19.856728609586032,-0.7432961594313374,2022,21.0
Granit Xhaka,7,5.785433189943433,1.2145668100565672,20.993532725739463,7,4.802904064767063,45.74515554766749,2.1970959352329373,2022,29.0
Kevin De Bruyne,7,4.7582743894308805,2.2417256105691195,47.11215510287636,16,16.31964398175478,-1.9586455569259904,-0.3196439817547798,2022,31.0
Wilfried Zaha,7,7.797594489529729,-0.7975944895297289,-10.228724904849877,2,2.760253319516778,-27.54288217466472,-0.760253319516778,2022,29.0
Kai Havertz,7,12.77656376361847,-5.776563763618469,-45.21218592488345,1,3.5748752877116203,-72.02699620214923,-2.5748752877116203,2022,23.0
Yoane Wissa,7,5.207585535943508,1.792414464056492,34.41929953305593,3,2.6399280801415443,13.639459444635696,0.3600719198584556,2022,25.0
Philip Billing,7,4.894198485650122,2.105801514349878,43.026483713811885,1,3.457261343486607,-71.07537149645992,-2.457261343486607,2022,26.0
Dwight McNeil,7,3.871220519766212,3.128779480233788,80.82152551781626,3,7.44360885117203,-59.696968769018056,-4.44360885117203,2022,22.0
Diogo Jota,7,6.437793597579002,0.5622064024209976,8.73290505356402,4,1.7756053674966097,125.27528206560446,2.2243946325033903,2022,25.0
Kaoru Mitoma,7,9.245785741135478,-2.245785741135478,-24.28983110806624,5,7.035773795098066,-28.93461123659805,-2.0357737950980663,2022,25.0
Cody Gakpo,7,6.554539561271668,0.4454604387283316,6.796212526664594,2,2.981710772961378,-32.924413120940024,-0.981710772961378,2022,23.0
Joelinton,6,6.252544686198235,-0.2525446861982345,-4.039070472470154,1,3.116438364610076,-67.91208799904764,-2.116438364610076,2022,25.0
Danny Welbeck,6,9.550176788121462,-3.550176788121462,-37.17393789544485,3,5.098056230694056,-41.1540425557139,-2.098056230694056,2022,31.0
Anthony Martial,6,7.3281096909195185,-1.3281096909195185,-18.123496330373158,2,1.756760749965906,13.845895067886431,0.243239250034094,2022,26.0
Raheem Sterling,6,7.405153378844261,-1.4051533788442612,-18.975344695204228,3,4.861129405908287,-38.2859465466244,-1.8611294059082863,2022,27.0
Dominic Solanke,6,9.317674346268175,-3.3176743462681757,-35.6062491881028,7,3.957623152993619,76.87383890265225,3.042376847006381,2022,24.0
Jarrod Bowen,6,10.004229810088871,-4.004229810088871,-40.02536813029588,5,6.90739019960165,-27.613760689408416,-1.9073901996016505,2022,25.0
Said Benrahma,6,6.350573148578405,-0.3505731485784054,-5.520338721818868,3,4.756499437615275,-36.92840629233663,-1.7564994376152754,2022,27.0
Solly March,6,8.069857582449913,-2.069857582449913,-25.64924549537749,7,9.567008880898356,-26.83188562753075,-2.5670088808983564,2022,28.0
Douglas Luiz,6,3.191290902905166,2.808709097094834,88.01169127320696,6,4.567880779504776,31.3519395453768,1.432119220495224,2022,24.0
Jadon Sancho,6,3.789094930514693,2.210905069485307,58.34916015643314,3,4.790035545825958,-37.3699846003397,-1.7900355458259585,2022,22.0
Rúben Neves,6,5.006285472773016,0.9937145272269836,19.849338049764835,1,1.8384296027943487,-45.605749685490544,-0.8384296027943487,2022,25.0
Daniel Podence,6,3.7195267919451,2.2804732080549,61.310842362889474,0,2.4171172585338354,-100.0,-2.4171172585338354,2022,26.0
Jacob Ramsey,6,5.228078290820122,0.7719217091798782,14.764922524884147,7,5.728406075388193,22.198040918836845,1.2715939246118069,2022,21.0
Evan Ferguson,6,5.667327303439379,0.3326726965606212,5.870010302011838,2,0.6870213840156794,191.11175380158988,1.3129786159843206,2022,17.0
Michail Antonio,5,7.201865157112479,-2.201865157112479,-30.573540452058342,3,1.6608268171548843,80.63292144687401,1.3391731828451157,2022,32.0
Kelechi Iheanacho,5,6.133550511673093,-1.1335505116730928,-18.481147412347408,5,3.7054135501384735,34.93770485653746,1.2945864498615265,2022,25.0
Jack Grealish,5,4.998198181390762,0.0018018186092376,0.0360493630673986,7,7.464956499636173,-6.228522559492935,-0.4649564996361732,2022,26.0
Willian,5,3.383236724883318,1.616763275116682,47.787471187740834,5,5.042201226577163,-0.8369603806115952,-0.0422012265771627,2022,33.0
Riyad Mahrez,5,5.864552567712963,-0.8645525677129626,-14.742003890846147,10,6.157492842525244,62.403761656650325,3.842507157474756,2022,31.0
Abdoulaye Doucouré,5,3.214016545563936,1.7859834544360642,55.56858308340454,2,2.4725133273750544,-19.110648348929164,-0.4725133273750543,2022,29.0
Jefferson Lerma,5,3.15503668319434,1.8449633168056605,58.476762778482616,0,2.628147560171783,-100.0,-2.628147560171783,2022,27.0
Emiliano Buendía,5,5.6266536470502615,-0.6266536470502615,-11.13723513759872,2,4.373138631694019,-54.26625660789396,-2.373138631694019,2022,26.0
Odsonne Edouard,5,5.535292422398925,-0.5352924223989248,-9.670535566157785,2,1.2745107971131802,56.92295463718966,0.7254892028868198,2022,25.0
Rodrigo Bentancur,5,2.4369436921551824,2.5630563078448176,105.1750319917365,2,0.6443385947495699,210.3958099510281,1.35566140525043,2022,25.0
Morgan Gibbs-White,5,6.6556903049349785,-1.6556903049349785,-24.8763122843522,8,7.807910647243261,2.4601889216619,0.1920893527567386,2022,22.0
Mathias Jensen,5,1.9304941780865192,3.0695058219134808,159.00104008373313,6,3.59164313133806,67.05445893686857,2.40835686866194,2022,26.0
Carlos Vinicius,5,3.5915758907794952,1.4084241092205048,39.21465540617682,2,0.5233518667519093,282.1520714949669,1.4766481332480907,2022,28.0
Che Adams,5,7.306276918388903,-2.306276918388903,-31.565692679732937,3,2.7257514875382185,10.061390912400125,0.2742485124617815,2022,26.0
Jack Harrison,5,5.013850751332939,-0.0138507513329386,-0.2762497732756889,7,5.010656230151653,39.702260112706576,1.9893437698483467,2022,25.0
Marcus Tavernier,5,3.9280984150245786,1.0719015849754214,27.288053193257745,4,2.7044622469693422,47.9037100437418,1.2955377530306578,2022,23.0
Deniz Undav,5,5.5473707262426615,-0.5473707262426615,-9.867210129895284,0,1.1680052187293768,-100.0,-1.1680052187293768,2022,26.0
Luis Sinisterra,5,3.361706962808966,1.6382930371910338,48.7339632905455,0,0.3890431001782417,-100.0,-0.3890431001782417,2022,23.0
Pierre-Emile Højbjerg,4,1.5295524531975389,2.470447546802461,161.5144051868228,5,3.1992804715409875,56.28514112711305,1.8007195284590125,2022,27.0
Jordan Ayew,4,2.751328118145466,1.248671881854534,45.38433179304699,3,3.050740525126457,-1.6632199529441776,-0.0507405251264572,2022,30.0
Demarai Gray,4,6.325153514742851,-2.3251535147428517,-36.76042817495759,1,3.608845199458301,-72.29030493881801,-2.608845199458301,2022,26.0
Patrick Bamford,4,9.774512918666003,-5.774512918666003,-59.07724473552685,2,1.0358418971300123,93.07965873376646,0.9641581028699876,2022,28.0
Andreas Pereira,4,6.426880993880332,-2.4268809938803324,-37.76141173597591,6,4.836930306628346,24.045616116854667,1.1630696933716536,2022,26.0
Casemiro,4,3.140908549539745,0.8590914504602551,27.3516862051314,3,3.8724323799833655,-22.529312183550974,-0.8724323799833655,2022,30.0
Bernardo Silva,4,2.2564154639840126,1.7435845360159874,77.2723181455887,5,3.916250504553318,27.67314026992492,1.083749495446682,2022,27.0
Leon Bailey,4,4.778411947190762,-0.7784119471907616,-16.29018083399845,4,5.5339578883722425,-27.719001830414012,-1.5339578883722425,2022,24.0
Declan Rice,4,2.2349475855007768,1.7650524144992232,78.97511449261725,1,2.33805207721889,-57.22935302666574,-1.3380520772188902,2022,23.0
Jacob Murphy,4,3.697086520493031,0.302913479506969,8.19330242416327,2,2.68278655782342,-25.450647791279145,-0.68278655782342,2022,27.0
Eddie Nketiah,4,9.223067251965404,-5.223067251965404,-56.63047996155928,1,1.481980249285698,-32.52271745983176,-0.4819802492856979,2022,23.0
Bobby Reid,4,4.226093959063292,-0.2260939590632924,-5.349951071920934,1,1.5008238069713116,-33.369926879157305,-0.5008238069713116,2022,29.0
Lucas Paquetá,4,5.04679605551064,-1.04679605551064,-20.741794278919485,3,2.8692219518125057,4.557962067203652,0.1307780481874942,2022,24.0
João Félix,4,4.288620352745056,-0.2886203527450561,-6.729911463492363,0,0.6466051954776049,-100.0,-0.6466051954776049,2022,22.0
Anthony Gordon,4,5.549364037811756,-1.549364037811756,-27.919668402628467,0,1.411392219364643,-100.0,-1.411392219364643,2022,21.0
Bruno Guimarães,4,2.726729958318174,1.273270041681826,46.69586138508448,5,3.806102696806192,31.367973969689285,1.193897303193808,2022,24.0
Crysencio Summerville,4,3.559207702055573,0.440792297944427,12.38456237577406,2,1.4241413976997137,40.43549350018323,0.5758586023002863,2022,20.0
Patson Daka,4,4.064196912571788,-0.0641969125717878,-1.579571904432273,4,2.733729289844632,46.3202671478614,1.266270710155368,2022,23.0
Josh Dasilva,4,1.5916067343205214,2.408393265679478,151.3183636225097,2,2.080403374508024,-3.8647973509962985,-0.0804033745080237,2022,23.0
Luis Díaz,4,3.568711277097464,0.4312887229025359,12.085279234281892,2,1.9563428275287151,2.231570656071223,0.0436571724712848,2022,25.0
Manor Solomon,4,1.042859235778451,2.957140764221549,283.5608740631392,0,0.3249989273026585,-100.0,-0.3249989273026585,2022,23.0
Kieffer Moore,4,4.823006581515074,-0.8230065815150738,-17.0641811825299,0,0.5260727815330029,-100.0,-0.5260727815330029,2022,29.0
Julio Enciso,4,4.214253352954984,-0.2142533529549837,-5.084016906690051,2,1.779839888215065,12.369658262110608,0.220160111784935,2022,18.0
Antony,4,5.857848301529884,-1.8578483015298843,-31.71554137113236,2,2.37078566942364,-15.639780272241213,-0.3707856694236402,2022,22.0
Carlos Alcaraz,4,1.9036163073033088,2.0963836926966906,110.12637812850316,2,0.8085567876696587,147.35430219616356,1.1914432123303411,2022,19.0
Jamie Vardy,3,6.644154226407409,-3.6441542264074087,-54.84752614446544,4,1.7369483597576618,130.28894195553852,2.263051640242338,2022,35.0
Jeffrey Schlupp,3,3.445598446764052,-0.4455984467640519,-12.932396320950792,1,2.2960132341831923,-56.44624407595149,-1.2960132341831925,2022,29.0
Virgil van Dijk,3,3.122492080554366,-0.1224920805543661,-3.9228948350965527,1,1.1658173147588968,-14.223267458777586,-0.1658173147588968,2022,31.0
Harrison Reed,3,2.1825738195329905,0.8174261804670095,37.45239556854557,4,3.5145126404240727,13.81378897295264,0.4854873595759272,2022,27.0
Ben Mee,3,3.22416146285832,-0.2241614628583197,-6.952550777639827,1,1.680261291563511,-40.48544681586496,-0.6802612915635109,2022,32.0
Thomas Partey,3,2.229622021317482,0.770377978682518,34.551954157113244,0,1.9341314993798733,-100.0,-1.9341314993798733,2022,29.0
Pablo Fornals,3,1.7289359364658594,1.2710640635341406,73.51712904599226,1,2.018738079816103,-50.46410378848677,-1.018738079816103,2022,26.0
Chris Wood,3,3.433256816118956,-0.433256816118956,-12.619411809942052,0,0.3606983013451099,-100.0,-0.3606983013451099,2022,30.0
Gabriel,3,4.335554586723447,-1.3355545867234468,-30.804700067973982,0,0.1663138093426823,-100.0,-0.1663138093426823,2022,24.0
Youri Tielemans,3,2.239441570825875,0.7605584291741252,33.961967978188504,2,4.528865018859506,-55.83882514335444,-2.5288650188595057,2022,25.0
Gianluca Scamacca,3,2.5387633964419365,0.4612366035580635,18.16776640960257,0,1.1296455087140205,-100.0,-1.1296455087140205,2022,23.0
Reiss Nelson,3,1.8955533094704151,1.1044466905295849,58.265134776829264,2,1.2082199901342392,65.53276856293283,0.7917800098657608,2022,22.0
Joe Willock,3,7.266156509518623,-4.266156509518623,-58.71269775059184,6,7.388796498999,-18.795977114637648,-1.3887964989989996,2022,22.0
Curtis Jones,3,1.2679023258388042,1.7320976741611958,136.61128612689424,1,1.010046985000372,-0.9947047166690204,-0.0100469850003719,2022,21.0
Pedro Porro,3,1.3973288014531136,1.6026711985468864,114.69535279600856,3,2.532236455008388,18.472348586027387,0.467763544991612,2022,22.0
Mason Mount,3,2.1364672761410475,0.8635327238589525,40.41871988878256,2,3.0019248109310865,-33.376079483494,-1.0019248109310863,2022,23.0
Hee-Chan Hwang,3,2.164069874212146,0.8359301257878542,38.627686460086416,1,0.8787439614534378,13.798790531203805,0.1212560385465622,2022,27.0
Conor Gallagher,3,2.5371697302907705,0.4628302697092294,18.24199083662357,1,2.6282018795609474,-61.95117248120018,-1.6282018795609474,2022,22.0
Ethan Pinnock,3,3.5859055295586586,-0.5859055295586586,-16.33912340213742,0,0.6192105077207088,-100.0,-0.6192105077207088,2022,29.0
Vitaly Janelt,3,2.191264372318983,0.8087356276810169,36.90725947527472,1,1.4620734620839355,-31.60398393561763,-0.4620734620839355,2022,24.0
Alejandro Garnacho,3,3.8779171984642735,-0.8779171984642735,-22.638884574738853,2,1.1436776779592035,74.87444570648888,0.8563223220407965,2022,18.0
João Palhinha,3,2.6951698008924723,0.3048301991075277,11.310240972816889,0,0.275451373308897,-100.0,-0.275451373308897,2022,27.0
Jaidon Anthony,3,1.7566156624816358,1.2433843375183642,70.7829472362662,1,0.9099286124110222,9.898731214783677,0.0900713875889778,2022,22.0
Rasmus Kristensen,3,0.789253355935216,2.210746644064784,280.1060809485172,1,1.2889635181054473,-22.41828523821788,-0.2889635181054473,2022,25.0
Danilo,3,1.6606165627017615,1.3393834372982385,80.65579179332714,2,0.8088494967669249,147.26478881352543,1.1911505032330751,2022,21.0
Adam Lallana,2,1.1926603838801384,0.8073396161198616,67.69233111385033,1,0.9687040857970716,3.23069910221112,0.0312959142029284,2022,34.0
Alex Iwobi,2,2.7482709400355816,-0.7482709400355816,-27.2269712980298,7,6.127815451472998,14.23320521699699,0.8721845485270023,2022,26.0
Theo Walcott,2,3.126369597390294,-1.126369597390294,-36.028037066715335,2,1.8109254278242588,10.440770739130068,0.1890745721757412,2022,33.0
John Stones,2,1.3161899587139487,0.6838100412860513,51.953750046399314,2,1.4483567401766777,38.08752667909911,0.5516432598233223,2022,28.0
Eric Dier,2,1.4715977106243372,0.5284022893756628,35.90670776128647,1,1.6204578075557947,-38.28904428506272,-0.6204578075557947,2022,28.0
Ben Davies,2,0.9933742862194777,1.0066257137805223,101.3339813346162,2,2.469028750434518,-18.996488005738076,-0.4690287504345178,2022,29.0
Bertrand Traoré,2,0.856813095510006,1.143186904489994,133.4231363270105,0,0.0698933973908424,-100.0,-0.0698933973908424,2022,26.0
Ben Chilwell,2,1.465110638178885,0.534889361821115,36.5084620835172,2,1.9936782559379933,0.317089482376504,0.0063217440620066,2022,25.0
Adama Traoré,2,1.420078607276082,0.579921392723918,40.83727406022204,1,3.147219412028789,-68.22592043700662,-2.147219412028789,2022,26.0
Kurt Zouma,2,2.125173594802618,-0.125173594802618,-5.89004094106693,0,0.056879699230194,-100.0,-0.056879699230194,2022,27.0
Kalidou Koulibaly,2,1.0540769854560494,0.9459230145439506,89.73946187950345,1,0.305135702714324,227.72303965236935,0.694864297285676,2022,31.0
Jorginho,2,1.7956794500350952,0.2043205499649047,11.378453429475485,1,0.5555977635085583,79.98632566212558,0.4444022364914417,2022,30.0
Trent Alexander-Arnold,2,1.8788890931755304,0.1211109068244695,6.445878432333584,9,13.222441317513583,-31.933900980303942,-4.222441317513583,2022,23.0
João Cancelo,2,0.5918373949825764,1.4081626050174236,237.93065746696857,1,0.8360136020928621,19.61527868644925,0.1639863979071378,2022,28.0
Rodri,2,4.119232214987278,-2.119232214987278,-51.44726260580149,6,4.539481725543737,32.1736789078344,1.4605182744562626,2022,26.0
Adam Armstrong,2,2.4375014984980226,-0.4375014984980225,-17.948768391223922,1,1.730416551232338,-42.21044642182616,-0.730416551232338,2022,25.0
Dominic Calvert-Lewin,2,6.498087804764509,-4.498087804764509,-69.22171475532285,1,1.2365073096007109,-19.12704500526431,-0.2365073096007108,2022,25.0
Daniel James,2,2.1174327954649925,-0.1174327954649925,-5.545998707326342,1,1.5898781195282936,-37.102096838926656,-0.5898781195282936,2022,24.0
Harry Wilson,2,1.8703890815377235,0.1296109184622764,6.929623346374434,3,1.3884916454553604,116.0617969736606,1.6115083545446396,2022,25.0
Jean-Philippe Mateta,2,3.308864532038569,-1.308864532038569,-39.556304568086574,0,0.4064396023750305,-100.0,-0.4064396023750305,2022,25.0
Timothy Castagne,2,1.9257993642240765,0.0742006357759235,3.852978516576656,3,3.172707935795188,-5.443549777988042,-0.1727079357951879,2022,26.0
Romain Perraud,2,1.2091420125216246,0.7908579874783754,65.40654276242275,2,2.266822852194309,-11.770785349901578,-0.2668228521943088,2022,24.0
Yerry Mina,2,1.6610938757658005,0.3389061242341995,20.40258706498189,0,0.0843361243605613,-100.0,-0.0843361243605613,2022,27.0
Dejan Kulusevski,2,2.6102962754666805,-0.6102962754666805,-23.38034502836537,7,5.482720654457808,27.673840072602363,1.5172793455421916,2022,22.0
Fred,2,2.2472731824964285,-0.2472731824964285,-11.003254273774589,2,2.549862952902913,-21.56441201190507,-0.5498629529029131,2022,29.0
Tom Cairney,2,1.549193875864148,0.4508061241358521,29.099400091831,0,1.6246961504220965,-100.0,-1.6246961504220965,2022,31.0
Ryan Sessegnon,2,2.117515377700329,-0.1175153777003288,-5.549682374819553,0,1.040791004896164,-100.0,-1.040791004896164,2022,22.0
William Saliba,2,0.8184554874897003,1.1815445125102997,144.36270885472786,1,1.120013577863574,-10.715368120134752,-0.120013577863574,2022,21.0
Stuart Armstrong,2,2.106476968154311,-0.1064769681543111,-5.054741626138261,1,2.606352062895894,-61.63219795836372,-1.606352062895894,2022,30.0
Naif Aguerd,2,2.5115839689970016,-0.5115839689970016,-20.36897731917369,0,0.6282200030982494,-100.0,-0.6282200030982494,2022,25.0
Matheus Cunha,2,1.591183171607554,0.408816828392446,25.69263147620039,0,0.8713507484644651,-100.0,-0.8713507484644651,2022,23.0
Ben White,2,0.9820632422342896,1.0179367577657104,103.6528722376173,5,4.293553752824664,16.453648605437294,0.7064462471753359,2022,24.0
Emerson,2,1.7453065998852253,0.2546934001147747,14.593046295219638,1,0.4839589893817901,106.62907848398504,0.5160410106182098,2022,23.0
Tomas Soucek,2,3.82576912175864,-1.82576912175864,-47.72293004757604,3,1.9310189355164769,55.35839368647153,1.0689810644835231,2022,28.0
Luke Ayling,2,2.712577499449253,-0.7125774994492531,-26.26938767994392,1,1.8191682416945696,-45.029823131229904,-0.8191682416945696,2022,30.0
Pascal Struijk,2,1.3350814320147038,0.6649185679852962,49.80359639800408,1,2.1753706987947226,-54.030823318800046,-1.1753706987947226,2022,22.0
Emmanuel Dennis,2,1.5486181434243915,0.4513818565756085,29.14739559860041,2,0.5363962892442942,272.8586569488977,1.4636037107557058,2022,24.0
Fabio Carvalho,2,1.1579107120633123,0.8420892879366877,72.72488967963221,0,0.1046279966831207,-100.0,-0.1046279966831207,2022,19.0
Kamaldeen Sulemana,2,1.679018633440137,0.3209813665598631,19.117200974845957,1,1.4270181329920888,-29.92380566999117,-0.4270181329920888,2022,20.0
Kiernan Dewsbury-Hall,2,1.8549880683422089,0.1450119316577911,7.8174050891544224,2,3.0710923951119184,-34.87659299396901,-1.0710923951119184,2022,23.0
Matias Viña,2,0.7529756985604763,1.2470243014395237,165.61282174491947,0,0.1579136550426483,-100.0,-0.1579136550426483,2022,25.0
Michael Olise,2,2.659285433590412,-0.6592854335904121,-24.791826603595663,11,7.174625148996711,53.31811448767082,3.825374851003289,2022,20.0
Joe Ayodele-Aribo,2,2.054455615580082,-0.0544556155800819,-2.65061046669077,0,0.9876715950667858,-100.0,-0.9876715950667858,2022,26.0
Marcos Senesi,2,2.0692426282912493,-0.0692426282912492,-3.3462788435027,0,0.5055976919829845,-100.0,-0.5055976919829845,2022,25.0
Wilfried Gnonto,2,1.833498403429985,0.1665015965700149,9.081087622358163,4,2.921407464891672,36.92030461585484,1.078592535108328,2022,20.0
Fabian Schär,1,5.092751467600465,-4.092751467600465,-80.36424894554757,3,2.4296507444232702,23.474536695689338,0.5703492555767298,2022,30.0
Allan Saint-Maximin,1,1.6111805494874716,-0.6111805494874716,-37.9337095201337,5,4.724137527868152,5.839425090918892,0.2758624721318483,2022,25.0
Pierre-Emerick Aubameyang,1,2.122752519324422,-1.122752519324422,-52.891352576594485,0,0.3434317037463188,-100.0,-0.3434317037463188,2022,33.0
Joel Matip,1,0.6459370153024793,0.3540629846975207,54.8138558883671,0,0.3237086497247219,-100.0,-0.3237086497247219,2022,31.0
Ivan Perisic,1,3.0171149894595146,-2.0171149894595146,-66.8557544709577,8,6.623175095766783,20.787988907513828,1.3768249042332172,2022,34.0
Philippe Coutinho,1,1.3861289341002705,-0.3861289341002705,-27.856639061567883,0,0.3858625032007694,-100.0,-0.3858625032007694,2022,30.0
Joel Ward,1,1.4655719939619305,-0.4655719939619305,-31.767255097672408,0,0.3378884494304657,-100.0,-0.3378884494304657,2022,32.0
James Tomkins,1,0.7290570810437202,0.2709429189562797,37.16347128381183,0,0.0,,0.0,2022,33.0
Cheikhou Kouyaté,1,0.1867025382816791,0.8132974617183208,435.6113576191957,0,0.9933399967849256,-100.0,-0.9933399967849256,2022,32.0
Manuel Lanzini,1,0.6443301560357213,0.3556698439642787,55.199937583638494,0,0.3371060192584991,-100.0,-0.3371060192584991,2022,29.0
Nathan Aké,1,1.3441827092319727,-0.3441827092319727,-25.605351628769927,0,1.09055732563138,-100.0,-1.09055732563138,2022,27.0
Seamus Coleman,1,0.2670318866148591,0.7329681133851409,274.4871118864928,0,1.4559272825717926,-100.0,-1.4559272825717926,2022,34.0
Ashley Young,1,0.3949361126869917,0.6050638873130083,153.20551042962086,0,0.7811885923147202,-100.0,-0.7811885923147202,2022,37.0
Christian Eriksen,1,4.86724331881851,-3.8672433188185096,-79.4544892355465,8,4.558254588395357,75.50577408218528,3.441745411604643,2022,30.0
Kieran Trippier,1,0.8719969913363457,0.1280030086636543,14.679294760809691,7,13.462713163346052,-48.0045373093264,-6.462713163346052,2022,31.0
Marc Albrighton,1,0.4420046992599964,0.5579953007400036,126.2419385301103,0,0.5711894929409027,-100.0,-0.5711894929409027,2022,32.0
Diego Costa,1,2.9844185262918472,-1.9844185262918472,-66.49263529259403,0,0.5990131702274084,-100.0,-0.5990131702274084,2022,33.0
Craig Dawson,1,1.5213804170489311,-0.5213804170489311,-34.2702200716024,0,0.1079010032117366,-100.0,-0.1079010032117366,2022,32.0
Kyle Walker-Peters,1,0.6717622503638268,0.3282377496361732,48.86219037440694,0,1.83802130445838,-100.0,-1.83802130445838,2022,25.0
Alex Oxlade-Chamberlain,1,1.493293778039515,-0.493293778039515,-33.03394049408955,0,0.7890531122684479,-100.0,-0.7890531122684479,2022,28.0
Luke Shaw,1,0.9740113597363234,0.0259886402636766,2.6682071008609265,2,3.826654343865812,-47.73502333164656,-1.826654343865812,2022,27.0
Tyrone Mings,1,1.2113220421597362,-0.2113220421597361,-17.445570608370822,2,1.1698964163661003,70.95530612978065,0.8301035836338997,2022,29.0
Dennis Praet,1,0.9074058122932912,0.0925941877067088,10.204275358639707,0,0.5022870898246765,-100.0,-0.5022870898246765,2022,28.0
Emerson,1,1.005102353170514,-0.0051023531705141,-0.5076451323011181,0,0.8198722722008824,-100.0,-0.8198722722008824,2022,23.0
Michael Keane,1,1.3261511586606505,-0.3261511586606505,-24.59381470435449,2,1.0489701740443709,90.6631903830853,0.9510298259556292,2022,29.0
James Tarkowski,1,3.02016625367105,-2.02016625367105,-66.88923999516625,1,3.46320622228086,-71.12502300422058,-2.46320622228086,2022,29.0
Rob Holding,1,0.3741819858551025,0.6258180141448975,167.2496372893905,0,0.0,,0.0,2022,26.0
Nampalys Mendy,1,0.0925476998090744,0.9074523001909256,980.5238834276774,0,0.0272580198943614,-100.0,-0.0272580198943614,2022,30.0
Pontus Jansson,1,0.1967248991131782,0.8032751008868217,408.3240629467488,0,0.0,,0.0,2022,31.0
Lucas Digne,1,0.4971364550292492,0.5028635449707508,101.1520156857466,0,1.567529585212469,-100.0,-1.567529585212469,2022,29.0
Pablo Sarabia,1,2.5362928099930286,-1.5362928099930286,-60.5723757107229,0,0.7747617959976196,-100.0,-0.7747617959976196,2022,30.0
Mateo Kovacic,1,1.3262846283614635,-0.3262846283614635,-24.60140315164223,2,1.793226939626038,11.530780393979729,0.2067730603739619,2022,28.0
Jonny,1,0.1871340097859501,0.8128659902140499,434.3764081920931,0,0.5784888137131929,-100.0,-0.5784888137131929,2022,29.0
Cristiano Ronaldo,1,2.1407179944217205,-1.1407179944217205,-53.28670088233021,0,0.3078578971326351,-100.0,-0.3078578971326351,2022,37.0
Christian Pulisic,1,1.8723955135792487,-0.8723955135792492,-46.592480448299526,1,0.4368242975324392,128.92499470584931,0.5631757024675608,2022,23.0
Oleksandr Zinchenko,1,1.1754031758755443,-0.1754031758755443,-14.922809421957576,2,1.958403613418341,2.1239945788832424,0.041596386581659,2022,25.0
Issa Diop,1,0.1913936026394367,0.8086063973605633,422.48350321503887,0,0.5267390348017216,-100.0,-0.5267390348017216,2022,25.0
Lucas Moura,1,0.7378932386636734,0.2621067613363266,35.52095988994324,0,0.2311347499489784,-100.0,-0.2311347499489784,2022,29.0
Ricardo Pereira,1,0.0841288976371288,0.9158711023628712,1088.652208796645,1,0.4153192117810249,140.77865209068278,0.5846807882189751,2022,28.0
Serge Aurier,1,0.6691436963155866,0.3308563036844134,49.44473145397046,0,0.802479786798358,-100.0,-0.802479786798358,2022,29.0
Neal Maupay,1,5.434799870476127,-4.434799870476127,-81.60005844129834,0,0.3525178078562021,-100.0,-0.3525178078562021,2022,25.0
Marc Roca,1,2.0919028762727976,-1.0919028762727976,-52.196633441141,2,3.2171000884845853,-37.8322108423397,-1.2171000884845853,2022,25.0
Estupiñán,1,2.3249325277283788,-1.3249325277283788,-56.9879990892867,5,5.642439822666347,-11.385851561687735,-0.642439822666347,2022,24.0
Caglar Söyüncü,1,0.3382616676390171,0.6617383323609829,195.62912256057655,0,0.1161900013685226,-100.0,-0.1161900013685226,2022,27.0
Scott McTominay,1,1.8013716908171773,-0.8013716908171773,-44.48674834307192,0,1.078185809776187,-100.0,-1.078185809776187,2022,25.0
Tosin Adarabioyo,1,0.5782807385548949,0.4217192614451051,72.92638909242733,0,0.2267771176993847,-100.0,-0.2267771176993847,2022,24.0
Sam Surridge,1,1.692672897130251,-0.6926728971302509,-40.92184014434242,0,0.051858801394701,-100.0,-0.051858801394701,2022,24.0
Gonçalo Guedes,1,1.2725390158593657,-0.2725390158593657,-21.41694772912843,1,0.5424784012138844,84.33913640844246,0.4575215987861156,2022,25.0
Kenny Tete,1,0.7199479946866632,0.2800520053133368,38.89892150268736,5,2.3401720114052296,113.65950774693668,2.6598279885947704,2022,26.0
Richarlison,1,3.516935642808676,-2.516935642808676,-71.56615583669353,3,1.7408953551203012,72.32511943790503,1.2591046448796988,2022,25.0
Lewis Dunk,1,2.040725097060204,-1.040725097060204,-50.99780948249402,0,0.8655232125893235,-100.0,-0.8655232125893235,2022,30.0
Orel Mangala,1,0.3729460705071687,0.6270539294928312,168.13528257318856,1,0.4247147068381309,135.45217151642558,0.575285293161869,2022,24.0
Will Hughes,1,0.5347504764795303,0.4652495235204696,87.0031059314594,1,0.7693945411592722,29.97232843545613,0.2306054588407278,2022,27.0
Lyanco,1,0.7209816901013255,0.2790183098986745,38.69977750190324,1,0.3901645038276911,156.30214696353605,0.6098354961723089,2022,25.0
Joachim Andersen,1,1.8502881033346057,-0.8502881033346057,-45.95436255587489,0,1.4228478781878948,-100.0,-1.4228478781878948,2022,26.0
Júnior Firpo,1,0.1414232105016708,0.8585767894983292,607.0975099863016,1,0.9512499049305916,5.124846248785222,0.0487500950694084,2022,26.0
Rayan Ait Nouri,1,1.129896778613329,-0.1298967786133289,-11.49634029161012,0,0.7609243048354983,-100.0,-0.7609243048354983,2022,21.0
Conor Coady,1,0.6148279123008251,0.3851720876991749,62.64713751491434,1,0.4616532074287534,116.6128132347763,0.5383467925712466,2022,29.0
Matt Doherty,1,0.8726177029311657,0.1273822970688343,14.597720931050436,0,0.2881163954734802,-100.0,-0.2881163954734802,2022,30.0
Mohamed Elyounoussi,1,3.06923589669168,-2.06923589669168,-67.41860079644263,1,1.825184103101492,-45.21100647870405,-0.8251841031014919,2022,27.0
Duje Caleta-Car,1,1.0882597099989653,-0.0882597099989652,-8.110169768119889,0,0.0416763015091419,-100.0,-0.0416763015091419,2022,26.0
Sean Longstaff,1,4.526227671653032,-3.5262276716530323,-77.90654663125268,4,3.4510617526248097,15.90635829560797,0.5489382473751903,2022,24.0
Christian Nørgaard,1,1.347744394093752,-0.3477443940937519,-25.80195440750333,3,3.110040994361043,-3.538248999307833,-0.1100409943610429,2022,28.0
Tim Ream,1,0.4944004062563181,0.5055995937436819,102.2652059637584,0,0.0717986021190881,-100.0,-0.0717986021190881,2022,34.0
Oliver Skipp,1,0.2079088976606726,0.7920911023393273,380.97989612358793,0,0.542324174195528,-100.0,-0.542324174195528,2022,21.0
Benoit Badiashile Mukinayi,1,1.2135351449251175,-0.2135351449251175,-17.596123673723017,0,0.6913552954792976,-100.0,-0.6913552954792976,2022,22.0
Diogo Dalot,1,2.207693471573293,-1.2076934715732932,-54.70385663244459,2,1.91371291410178,4.508883504019202,0.0862870858982203,2022,23.0
Dan Burn,1,2.2566577959805727,-1.2566577959805727,-55.686679576267984,0,2.0211693542078137,-100.0,-2.0211693542078137,2022,30.0
Harvey Elliott,1,2.027079835534096,-1.0270798355340962,-50.66795187489399,2,3.9797140900045633,-49.7451335757211,-1.9797140900045636,2022,19.0
Wesley Fofana,1,0.8552336050197482,0.1447663949802518,16.92711723797488,0,0.0366367762908339,-100.0,-0.0366367762908339,2022,21.0
Marc Guehi,1,1.6622220277786257,-0.6622220277786257,-39.83956515506004,0,0.6576718036085367,-100.0,-0.6576718036085367,2022,22.0
John McGinn,1,1.9473767010495069,-0.9473767010495068,-48.648866988032346,3,3.408585306257009,-11.98694676958751,-0.408585306257009,2022,27.0
Arnaut Danjuma Groeneveld,1,0.6234146766364574,0.3765853233635425,60.40687482613555,0,0.0274659004062414,-100.0,-0.0274659004062414,2022,26.0
Reece James,1,1.0140665946528316,-0.0140665946528315,-1.3871470302842677,1,3.066504817456007,-67.3895832705847,-2.066504817456007,2022,22.0
Neco Williams,1,1.469770667143166,-0.469770667143166,-31.962174619818228,0,1.4695117715746164,-100.0,-1.4695117715746164,2022,21.0
Armando Broja,1,0.8572464846074581,0.1427535153925418,16.652563522370134,0,0.0866743996739387,-100.0,-0.0866743996739387,2022,20.0
Ellis Simms,1,1.0451708808541298,-0.0451708808541297,-4.321865608924681,0,0.0746167004108429,-100.0,-0.0746167004108429,2022,21.0
Wout Faes,1,1.100052266381681,-0.1000522663816809,-9.095228421352685,2,0.5714022628962994,250.0161147179372,1.4285977371037006,2022,24.0
Joël Veltman,1,1.341551687568426,-0.3415516875684259,-25.45945048062153,1,1.0200357679277658,-1.964222094728024,-0.0200357679277658,2022,30.0
Liam Cooper,1,0.9520196840167046,0.0479803159832954,5.039844951614841,0,0.4224689118564129,-100.0,-0.4224689118564129,2022,30.0
Sékou Mara,1,1.0406398912891746,-0.0406398912891745,-3.905279014321534,2,1.068390192463994,87.19752522132987,0.931609807536006,2022,20.0
Moisés Caicedo,1,1.2356434240937233,-0.2356434240937233,-19.070503633890564,1,2.643754145130515,-62.17500020408922,-1.643754145130515,2022,20.0
Sam Greenwood,1,0.6907202005386353,0.3092797994613647,44.77642310449052,2,0.9013200886547564,121.89675179492023,1.0986799113452437,2022,20.0
Dango Ouattara,1,3.2873998740687966,-2.2873998740687966,-69.58082258601824,3,2.4152716528624296,24.20963068251916,0.5847283471375704,2022,20.0
Amadou Onana,1,3.0847347732633352,-2.0847347732633352,-67.58230209393005,2,2.063957966864109,-3.098801811418868,-0.063957966864109,2022,20.0
Romeo Lavia,1,0.2631778074428439,0.7368221925571561,279.9712482281306,0,0.5177656905725598,-100.0,-0.5177656905725598,2022,18.0
Jakub Kiwior,1,0.0984370782971382,0.9015629217028618,915.8773678566936,0,0.0273778699338436,-100.0,-0.0273778699338436,2022,22.0
Toti,1,0.2356519745662808,0.7643480254337192,324.35460251946006,0,0.184598222374916,-100.0,-0.184598222374916,2022,21.0
Tetê,1,1.8560382332652807,-0.8560382332652807,-46.12179953638533,0,0.3867563046514988,-100.0,-0.3867563046514988,2022,22.0
Stefan Bajcetic,1,0.9587988276034594,0.0412011723965406,4.297165496074287,0,0.7506909966468811,-100.0,-0.7506909966468811,2022,17.0
Ryan Christie,1,2.728575311601162,-1.728575311601162,-63.350837495733714,1,2.0688769351691008,-51.66459720243029,-1.0688769351691008,2022,27.0
Brenden Aaronson,1,3.9435534365475178,-2.9435534365475178,-74.6421592583902,3,3.362793898209929,-10.788466649801231,-0.362793898209929,2022,21.0
Joe Worrall,1,0.9123191181570292,0.0876808818429708,9.610768874392823,0,0.567169152200222,-100.0,-0.567169152200222,2022,25.0
Lewis O&#039;Brien,1,0.4231923129409551,0.5768076870590448,136.29918819898853,0,0.1791051030158996,-100.0,-0.1791051030158996,2022,24.0
Lisandro Martínez,1,0.5251706019043922,0.4748293980956077,90.41431420071204,0,0.2293218709528446,-100.0,-0.2293218709528446,2022,24.0
Matheus Nunes,1,2.3803958501666784,-1.3803958501666784,-57.99018050170191,1,2.0282051162794232,-50.69532208683023,-1.0282051162794232,2022,23.0
Fábio Vieira,1,0.7378775309771299,0.26212246902287,35.52384481415987,2,2.2388318199664354,-10.667698119906836,-0.2388318199664354,2022,23.0
Noni Madueke,1,0.9803801961243152,0.0196198038756848,2.0012444104080007,0,0.513928035274148,-100.0,-0.513928035274148,2022,20.0
Facundo Buonanotte,1,1.0888761393725872,-0.0888761393725872,-8.162190001132528,1,0.5841287039220333,71.19514813870116,0.4158712960779667,2022,17.0
Antoine Semenyo,1,0.3684318736195564,0.6315681263804436,171.42059946545294,0,0.0759903937578201,-100.0,-0.0759903937578201,2022,22.0
João Gomes,1,0.2052773246541619,0.7947226753458381,387.14586556734207,0,0.1225481405854225,-100.0,-0.1225481405854225,2022,21.0
Bernd Leno,0,0.0,0.0,,0,0.0308126993477344,-100.0,-0.0308126993477344,2022,30.0
Thiago Alcántara,0,0.3972757617011666,-0.3972757617011666,-100.0,0,1.4019673261791468,-100.0,-1.4019673261791468,2022,31.0
Steve Cook,0,0.1638485975563526,-0.1638485975563526,-100.0,0,0.7961927652359009,-100.0,-0.7961927652359009,2022,31.0
Matt Ritchie,0,0.0,0.0,,0,0.0817376971244812,-100.0,-0.0817376971244812,2022,32.0
Junior Stanislas,0,0.0267488993704319,-0.0267488993704319,-100.0,0,0.0846412032842636,-100.0,-0.0846412032842636,2022,32.0
Danny Ward,0,0.0,0.0,,0,0.0,,0.0,2022,29.0
James Milner,0,0.3870005868375301,-0.3870005868375301,-100.0,1,1.6215140726417303,-38.329243213361394,-0.6215140726417303,2022,36.0
Mohamed Elneny,0,0.0,0.0,,0,0.0,,0.0,2022,30.0
Calum Chambers,0,0.0993134919553995,-0.0993134919553995,-100.0,0,0.3778975680470466,-100.0,-0.3778975680470466,2022,27.0
Wayne Hennessey,0,0.0,0.0,,0,0.0,,0.0,2022,35.0
Angelo Ogbonna,0,0.2092116959393024,-0.2092116959393024,-100.0,0,0.4893949385732412,-100.0,-0.4893949385732412,2022,34.0
Aaron Cresswell,0,0.4190359637141227,-0.4190359637141227,-100.0,1,3.1738543678075075,-68.49256821160328,-2.1738543678075075,2022,32.0
David de Gea,0,0.0,0.0,,0,0.0185502003878355,-100.0,-0.0185502003878355,2022,31.0
Jesse Lingard,0,0.6977619081735611,-0.6977619081735611,-100.0,0,0.4312230888754129,-100.0,-0.4312230888754129,2022,29.0
Joe Rothwell,0,0.1488286033272743,-0.1488286033272743,-100.0,1,1.1982360780239103,-16.543991760858546,-0.1982360780239103,2022,27.0
Joel Robles,0,0.0,0.0,,0,0.0,,0.0,2022,32.0
Nathaniel Clyne,0,0.0,0.0,,0,0.7021582964807749,-100.0,-0.7021582964807749,2022,31.0
Jordan Henderson,0,0.8594531016424298,-0.8594531016424298,-100.0,2,3.592609709128737,-44.33016214040599,-1.592609709128737,2022,32.0
James McArthur,0,0.0,0.0,,0,0.0,,0.0,2022,34.0
Alex McCarthy,0,0.0,0.0,,0,0.0,,0.0,2022,32.0
Hugo Lloris,0,0.0,0.0,,0,0.0,,0.0,2022,35.0
Kyle Walker,0,0.3253306970000267,-0.3253306970000267,-100.0,0,0.2089456282556057,-100.0,-0.2089456282556057,2022,32.0
Dele Alli,0,0.0,0.0,,0,0.0,,0.0,2022,26.0
Josh Onomah,0,0.0,0.0,,0,0.0,,0.0,2022,25.0
Idrissa Gueye,0,0.5034467745572329,-0.5034467745572329,-100.0,1,0.9359579710289836,6.84240435503842,0.0640420289710164,2022,33.0
César Azpilicueta,0,0.3268246091902256,-0.3268246091902256,-100.0,0,1.4374469444155693,-100.0,-1.4374469444155693,2022,32.0
Ruben Loftus-Cheek,0,0.856397295370698,-0.856397295370698,-100.0,1,1.7559158895164728,-43.04966394060194,-0.7559158895164728,2022,26.0
Asmir Begovic,0,0.0,0.0,,0,0.0,,0.0,2022,35.0
Lukasz Fabianski,0,0.0,0.0,,0,0.0,,0.0,2022,38.0
André Ayew,0,0.9884005077183248,-0.9884005077183248,-100.0,0,0.0331967063248157,-100.0,-0.0331967063248157,2022,32.0
Jordan Pickford,0,0.0,0.0,,1,0.3126417994499206,219.85486322029095,0.6873582005500793,2022,28.0
N&#039;Golo Kanté,0,0.308291532099247,-0.308291532099247,-100.0,1,2.0793348141014576,-51.90769696066818,-1.0793348141014576,2022,32.0
Daniel Amartey,0,1.054015912115574,-1.054015912115574,-100.0,0,0.4650263823568821,-100.0,-0.4650263823568821,2022,27.0
Jamaal Lascelles,0,0.120240394026041,-0.120240394026041,-100.0,0,0.0,,0.0,2022,28.0
Jack Colback,0,0.0,0.0,,0,0.2822478041052818,-100.0,-0.2822478041052818,2022,32.0
Jonjo Shelvey,0,0.1604539966210723,-0.1604539966210723,-100.0,0,0.3491519913077354,-100.0,-0.3491519913077354,2022,30.0
Ayoze Pérez,0,0.8422358185052872,-0.8422358185052872,-100.0,1,1.504247609525919,-33.521582905146744,-0.504247609525919,2022,29.0
Nathan Redmond,0,0.0,0.0,,0,0.0,,0.0,2022,28.0
Jonny Evans,0,0.0843219012022018,-0.0843219012022018,-100.0,0,0.0927421972155571,-100.0,-0.0927421972155571,2022,34.0
Salomón Rondón,0,0.7647659070789814,-0.7647659070789814,-100.0,0,0.1265218034386634,-100.0,-0.1265218034386634,2022,32.0
Adam Smith,0,0.9768042117357254,-0.9768042117357254,-100.0,1,1.4084933251142502,-29.002148453995343,-0.4084933251142502,2022,31.0
Fraser Forster,0,0.0,0.0,,0,0.0,,0.0,2022,34.0
Oriol Romeu,0,0.0,0.0,,0,0.0,,0.0,2022,30.0
Cédric Soares,0,0.0555640272796154,-0.0555640272796154,-100.0,0,0.1316027827560901,-100.0,-0.1316027827560901,2022,30.0
Matt Targett,0,0.0252592992037534,-0.0252592992037534,-100.0,0,0.3976358901709318,-100.0,-0.3976358901709318,2022,26.0
Sam Johnstone,0,0.0,0.0,,0,0.0,,0.0,2022,29.0
Kevin Mbabu,0,0.0,0.0,,1,0.5595380067825317,78.71886947416189,0.4404619932174682,2022,27.0
Mason Holgate,0,0.9284062683582306,-0.9284062683582306,-100.0,0,0.3237291630357504,-100.0,-0.3237291630357504,2022,25.0
Joseph Gomez,0,0.120236212387681,-0.120236212387681,-100.0,0,0.0427149012684822,-100.0,-0.0427149012684822,2022,25.0
Tom Davies,0,1.3129857713356614,-1.3129857713356614,-100.0,0,0.1336751990020275,-100.0,-0.1336751990020275,2022,24.0
Sergi Canos,0,0.0599079988896846,-0.0599079988896846,-100.0,0,0.0176229998469352,-100.0,-0.0176229998469352,2022,26.0
Alisson,0,0.0,0.0,,1,0.168625995516777,493.0283743828261,0.831374004483223,2022,29.0
Neto,0,0.0,0.0,,0,0.0,,0.0,2022,33.0
Mario Lemina,0,0.2064824542030692,-0.2064824542030692,-100.0,1,0.1570493020117283,536.7427216743191,0.8429506979882717,2022,28.0
Remo Freuler,0,0.3386984970420599,-0.3386984970420599,-100.0,0,0.4867018014192581,-100.0,-0.4867018014192581,2022,30.0
Sasa Lukic,0,0.1066898759454488,-0.1066898759454488,-100.0,0,0.0,,0.0,2022,27.0
Emil Krafth,0,0.0,0.0,,0,0.0,,0.0,2022,27.0
Nathaniel Chalobah,0,0.0855346992611885,-0.0855346992611885,-100.0,0,0.0,,0.0,2022,27.0
Ryan Fraser,0,0.3093165084719658,-0.3093165084719658,-100.0,0,0.3554232940077781,-100.0,-0.3554232940077781,2022,28.0
Harry Maguire,0,0.1488308310508728,-0.1488308310508728,-100.0,0,0.3812321983277797,-100.0,-0.3812321983277797,2022,29.0
Andrew Robertson,0,1.0899251960217953,-1.0899251960217953,-100.0,8,6.820856744423509,17.287318877361223,1.1791432555764914,2022,28.0
Adam Forshaw,0,0.0106636295095086,-0.0106636295095086,-100.0,0,0.4425672311335802,-100.0,-0.4425672311335802,2022,30.0
Javier Manquillo,0,0.0,0.0,,0,0.0,,0.0,2022,28.0
Jack Stephens,0,0.2225914001464843,-0.2225914001464843,-100.0,0,0.2588117085397243,-100.0,-0.2588117085397243,2022,28.0
Ainsley Maitland-Niles,0,0.0137403002008795,-0.0137403002008795,-100.0,0,0.4833124335855245,-100.0,-0.4833124335855245,2022,24.0
Lewis Cook,0,0.183636961504817,-0.183636961504817,-100.0,2,2.3000271562486887,-13.044504950021055,-0.3000271562486887,2022,25.0
Diego Llorente,0,0.301153801381588,-0.301153801381588,-100.0,0,0.0,,0.0,2022,28.0
Vicente Guaita,0,0.0,0.0,,0,0.0,,0.0,2022,35.0
Keylor Navas,0,0.0,0.0,,0,0.0,,0.0,2022,35.0
Raphael Varane,0,0.911432646214962,-0.911432646214962,-100.0,0,0.1431176997721195,-100.0,-0.1431176997721195,2022,30.0
Alphonse Areola,0,0.0,0.0,,0,0.0,,0.0,2022,29.0
Aymeric Laporte,0,0.7524237418547273,-0.7524237418547273,-100.0,0,0.212882986292243,-100.0,-0.212882986292243,2022,28.0
Thilo Kehrer,0,0.654550208710134,-0.654550208710134,-100.0,2,0.7119171218946576,180.9315773551433,1.2880828781053424,2022,25.0
Maxwel Cornet,0,1.092479458078742,-1.092479458078742,-100.0,0,0.0942045971751213,-100.0,-0.0942045971751213,2022,25.0
Thiago Silva,0,1.4437993383035064,-1.4437993383035064,-100.0,2,0.573215376585722,248.90899331987973,1.426784623414278,2022,37.0
Layvin Kurzawa,0,0.0,0.0,,0,0.0,,0.0,2022,29.0
Fabinho,0,0.6533067272976041,-0.6533067272976041,-100.0,2,2.687867143191397,-25.5915603914362,-0.6878671431913972,2022,28.0
João Moutinho,0,0.9379508132115006,-0.9379508132115006,-100.0,2,2.346919506788254,-14.78190904224965,-0.3469195067882538,2022,35.0
Morgan Sanson,0,0.0,0.0,,0,0.0,,0.0,2022,27.0
Raúl Jiménez,0,2.711337735876441,-2.711337735876441,-100.0,1,1.5050795823335648,-33.55833061999681,-0.5050795823335648,2022,31.0
Álex Moreno,0,0.6219645887613297,-0.6219645887613297,-100.0,3,2.47616658359766,21.155015170314364,0.5238334164023399,2022,29.0
Mateusz Klich,0,0.1730077974498272,-0.1730077974498272,-100.0,0,0.2886551991105079,-100.0,-0.2886551991105079,2022,32.0
Emiliano Martinez,0,0.0,0.0,,0,0.1398649960756302,-100.0,-0.1398649960756302,2022,31.0
Clement Lenglet,0,0.960752010345459,-0.960752010345459,-100.0,2,0.7074382677674294,182.71017997255143,1.2925617322325706,2022,28.0
Kepa,0,0.0,0.0,,0,0.0,,0.0,2022,28.0
Naby Keita,0,0.4318549875169992,-0.4318549875169992,-100.0,0,0.7309129983186722,-100.0,-0.7309129983186722,2022,28.0
Marcel Sabitzer,0,0.6979504860937595,-0.6979504860937595,-100.0,1,1.3641165122389791,-26.692478902798417,-0.3641165122389791,2022,28.0
Weston McKennie,0,0.590064475312829,-0.590064475312829,-100.0,1,0.7054706662893295,41.74933810640928,0.2945293337106704,2022,23.0
Wilfred Ndidi,0,0.1515615982934832,-0.1515615982934832,-100.0,0,0.0530797010287642,-100.0,-0.0530797010287642,2022,25.0
Luka Milivojevic,0,0.2416350301355123,-0.2416350301355123,-100.0,0,0.1513487976044416,-100.0,-0.1513487976044416,2022,32.0
Nick Pope,0,0.0,0.0,,0,0.0174218993633985,-100.0,-0.0174218993633985,2022,30.0
Aaron Wan-Bissaka,0,1.1713167987763882,-1.1713167987763882,-100.0,0,1.153474660590291,-100.0,-1.153474660590291,2022,24.0
Aaron Ramsdale,0,0.0,0.0,,0,0.0,,0.0,2022,24.0
Yves Bissouma,0,0.1294596353545785,-0.1294596353545785,-100.0,0,0.4400514382869005,-100.0,-0.4400514382869005,2022,25.0
Cafú,0,0.0,0.0,,0,0.0,,0.0,2022,29.0
Diego Carlos,0,0.7391797844320536,-0.7391797844320536,-100.0,0,0.0345584973692894,-100.0,-0.0345584973692894,2022,29.0
Boubacar Kamara,0,0.0835402803495526,-0.0835402803495526,-100.0,1,0.6932991156354547,44.23788772374729,0.3067008843645453,2022,22.0
Moussa Niakhate,0,1.2535991268232465,-1.2535991268232465,-100.0,0,0.0697230026125907,-100.0,-0.0697230026125907,2022,26.0
Jairo Riedewald,0,0.0538971312344074,-0.0538971312344074,-100.0,0,0.0,,0.0,2022,27.0
Zanka,0,0.4019469805061817,-0.4019469805061817,-100.0,0,0.2393823862075805,-100.0,-0.2393823862075805,2022,33.0
Jan Bednarek,0,0.3442239593714475,-0.3442239593714475,-100.0,0,0.1472967974841594,-100.0,-0.1472967974841594,2022,26.0
Shane Duffy,0,0.0223742593079805,-0.0223742593079805,-100.0,0,0.0,,0.0,2022,30.0
Ederson,0,0.0,0.0,,1,0.2855649888515472,250.18298427327744,0.7144350111484528,2022,28.0
Victor Lindelöf,0,0.2323515973985195,-0.2323515973985195,-100.0,0,0.0846685543656349,-100.0,-0.0846685543656349,2022,28.0
Ludwig Augustinsson,0,0.0730345025658607,-0.0730345025658607,-100.0,0,0.0,,0.0,2022,28.0
Denis Zakaria,0,0.2399110049009323,-0.2399110049009323,-100.0,0,0.0211979001760482,-100.0,-0.0211979001760482,2022,25.0
Nélson Semedo,0,0.7855268660932779,-0.7855268660932779,-100.0,1,0.6530346218496561,53.13123784579732,0.3469653781503439,2022,28.0
Davinson Sánchez,0,0.3042332818731665,-0.3042332818731665,-100.0,0,0.1408364623785019,-100.0,-0.1408364623785019,2022,26.0
Robin Koch,0,1.059426173567772,-1.059426173567772,-100.0,0,0.2720854748040437,-100.0,-0.2720854748040437,2022,26.0
Boubakary Soumare,0,0.0206572990864515,-0.0206572990864515,-100.0,0,0.2854275647550821,-100.0,-0.2854275647550821,2022,24.0
Ibrahima Konaté,0,1.5610232884064317,-1.5610232884064317,-100.0,0,0.2667285501956939,-100.0,-0.2667285501956939,2022,23.0
Harry Souttar,0,1.3052809908986092,-1.3052809908986092,-100.0,1,0.1511544995009899,561.5747485528548,0.8488455004990101,2022,23.0
Pedro Neto,0,1.1067704604938626,-1.1067704604938626,-100.0,0,2.707404026761651,-100.0,-2.707404026761651,2022,22.0
Ben Johnson,0,0.0838250741362571,-0.0838250741362571,-100.0,0,0.2368279919028282,-100.0,-0.2368279919028282,2022,22.0
Manuel Akanji,0,1.069366091862321,-1.069366091862321,-100.0,1,0.2808441743254661,256.0693407302496,0.7191558256745338,2022,27.0
Martin Dubravka,0,0.0,0.0,,0,0.0,,0.0,2022,34.0
Trevoh Chalobah,0,0.7949223592877388,-0.7949223592877388,-100.0,0,0.1997714750468731,-100.0,-0.1997714750468731,2022,23.0
Sergio Gómez,0,0.3138598967343569,-0.3138598967343569,-100.0,1,0.4458680246025324,124.2816135764494,0.5541319753974676,2022,21.0
Ibrahima Diallo,0,0.1378516973927617,-0.1378516973927617,-100.0,0,0.1038510017096996,-100.0,-0.1038510017096996,2022,23.0
David Brooks,0,0.2445639120414853,-0.2445639120414853,-100.0,0,0.1819901317358017,-100.0,-0.1819901317358017,2022,25.0
Neeskens Kebano,0,0.7552167885005474,-0.7552167885005474,-100.0,3,1.5724477292969825,90.78535611109022,1.4275522707030175,2022,30.0
Willy Boly,0,0.0699901822954416,-0.0699901822954416,-100.0,1,0.117637999355793,750.0654596951505,0.882362000644207,2022,31.0
Rúben Vinagre,0,0.0,0.0,,0,0.0,,0.0,2022,23.0
Edouard Mendy,0,0.0,0.0,,0,0.0,,0.0,2022,30.0
Ryan Fredericks,0,0.0,0.0,,0,0.0990857034921646,-100.0,-0.0990857034921646,2022,29.0
Mohammed Salisu,0,1.6058198306709528,-1.6058198306709528,-100.0,1,0.6115739094093442,63.51253456279655,0.3884260905906558,2022,23.0
Georginio Rutter,0,0.2494509778916835,-0.2494509778916835,-100.0,1,0.4192553162574768,138.51814424837755,0.5807446837425232,2022,20.0
Robin Olsen,0,0.0,0.0,,0,0.0,,0.0,2022,32.0
Hamed Junior Traore,0,0.7354794796556234,-0.7354794796556234,-100.0,0,0.8439797200262547,-100.0,-0.8439797200262547,2022,22.0
Wout Weghorst,0,2.2213404029607773,-2.2213404029607773,-100.0,1,1.1286072386428714,-11.39521653232697,-0.1286072386428713,2022,29.0
Saman Ghoddos,0,0.0554910004138946,-0.0554910004138946,-100.0,0,0.2644379809498787,-100.0,-0.2644379809498787,2022,28.0
Marc Cucurella,0,0.3548601996153593,-0.3548601996153593,-100.0,2,1.018142694607377,96.43611947451564,0.981857305392623,2022,24.0
Cristian Romero,0,0.859663300216198,-0.859663300216198,-100.0,1,0.888403657823801,12.561445598902758,0.1115963421761989,2022,24.0
Emile Smith-Rowe,0,0.3294837065041065,-0.3294837065041065,-100.0,2,1.042964968830347,91.76099483407752,0.9570350311696528,2022,22.0
Jason Steele,0,0.0,0.0,,1,0.1888159960508346,429.6161453030556,0.8111840039491653,2022,31.0
Leander Dendoncker,0,0.5861904192715883,-0.5861904192715883,-100.0,0,0.6650882922112942,-100.0,-0.6650882922112942,2022,27.0
Conor Coventry,0,0.0,0.0,,0,0.0,,0.0,2022,22.0
Yan Valery,0,0.0,0.0,,0,0.0,,0.0,2022,23.0
Giulian Biancone,0,0.0,0.0,,0,0.0,,0.0,2022,22.0
Max Kilman,0,1.4871823685243726,-1.4871823685243726,-100.0,0,0.1923391576856374,-100.0,-0.1923391576856374,2022,25.0
Bryan Gil Salvatierra,0,0.0724655985832214,-0.0724655985832214,-100.0,1,0.2734795957803726,265.6579925630302,0.7265204042196274,2022,22.0
Tyler Adams,0,0.0683434996753931,-0.0683434996753931,-100.0,0,1.370405713096261,-100.0,-1.370405713096261,2022,23.0
Maximilian Wöber,0,0.464545956812799,-0.464545956812799,-100.0,0,0.742159578949213,-100.0,-0.742159578949213,2022,24.0
Chris Mepham,0,0.5010207425802946,-0.5010207425802946,-100.0,0,0.2000297037884593,-100.0,-0.2000297037884593,2022,24.0
James Garner,0,0.8283093441277742,-0.8283093441277742,-100.0,1,0.4450816921889782,124.67785522290318,0.5549183078110218,2022,21.0
Mark Travers,0,0.0,0.0,,0,0.0,,0.0,2022,23.0
Ben Godfrey,0,0.7159480974078178,-0.7159480974078178,-100.0,1,0.1486973017454147,572.5071593512197,0.8513026982545853,2022,24.0
Jamal Lewis,0,0.0,0.0,,0,0.0,,0.0,2022,24.0
Adam Webster,0,1.5340027026832104,-1.5340027026832104,-100.0,0,0.5189482178539038,-100.0,-0.5189482178539038,2022,27.0
Moussa Djenepo,0,0.2433777973055839,-0.2433777973055839,-100.0,2,0.5622396729886532,255.72018412872885,1.4377603270113468,2022,24.0
Dean Henderson,0,0.0,0.0,,0,0.0,,0.0,2022,25.0
Ezri Konsa Ngoyo,0,0.8061013985425234,-0.8061013985425234,-100.0,0,1.4513042895123365,-100.0,-1.4513042895123365,2022,25.0
James Justin,0,0.1448470018804073,-0.1448470018804073,-100.0,0,0.3056566026061773,-100.0,-0.3056566026061773,2022,24.0
Jack Stacey,0,0.0468770004808902,-0.0468770004808902,-100.0,0,0.0,,0.0,2022,26.0
Renan Lodi,0,0.751506220549345,-0.751506220549345,-100.0,1,1.318730404600501,-24.16948934282424,-0.318730404600501,2022,24.0
Caoimhin Kelleher,0,0.0,0.0,,0,0.0,,0.0,2022,24.0
Felipe,0,1.246483264490962,-1.246483264490962,-100.0,1,1.502428017556667,-33.44107083238129,-0.5024280175566671,2022,33.0
Takehiro Tomiyasu,0,0.1446346025913953,-0.1446346025913953,-100.0,1,0.6008766107261181,66.42351893037886,0.3991233892738819,2022,23.0
Billy Gilmour,0,0.3644320666790008,-0.3644320666790008,-100.0,1,0.3617988973855972,176.39664112470257,0.6382011026144028,2022,21.0
Kieran Tierney,0,0.3038469729945063,-0.3038469729945063,-100.0,1,0.2897520996630192,245.12260693295997,0.7102479003369808,2022,25.0
Lloyd Kelly,0,0.1227391017600894,-0.1227391017600894,-100.0,2,0.3940800903365016,407.5110489068903,1.6059199096634984,2022,23.0
Boubacar Traore,0,0.0458009000867605,-0.0458009000867605,-100.0,1,0.3329919874668121,200.30752619825896,0.6670080125331879,2022,24.0
Tyrick Mitchell,0,0.8962186202406883,-0.8962186202406883,-100.0,2,1.5452212002128365,29.43130729273731,0.4547787997871635,2022,22.0
Japhet Tanganga,0,0.0,0.0,,0,0.0,,0.0,2022,23.0
Tariq Lamptey,0,0.2084955014288425,-0.2084955014288425,-100.0,0,0.1961832959204912,-100.0,-0.1961832959204912,2022,21.0
Nathaniel Phillips,0,0.0313891991972923,-0.0313891991972923,-100.0,0,0.0,,0.0,2022,25.0
Chris Richards,0,0.6922851279377937,-0.6922851279377937,-100.0,0,0.4522219896316528,-100.0,-0.4522219896316528,2022,22.0
Harvey White,0,0.0,0.0,,0,0.0,,0.0,2022,20.0
Cole Palmer,0,0.913382014259696,-0.913382014259696,-100.0,1,0.6336369244381785,57.81908557280836,0.3663630755618214,2022,20.0
Luke Thomas,0,0.0825991313904523,-0.0825991313904523,-100.0,0,0.5999135356396437,-100.0,-0.5999135356396437,2022,21.0
Sven Botman,0,2.445929459296167,-2.445929459296167,-100.0,0,0.9378497563302516,-100.0,-0.9378497563302516,2022,22.0
Cheick Oumar Doucoure,0,0.9975933516398072,-0.9975933516398072,-100.0,3,2.030144080519676,47.772762967250095,0.9698559194803238,2022,24.0
Marek Rodák,0,0.0,0.0,,0,0.0,,0.0,2022,25.0
Illan Meslier,0,0.0571881011128425,-0.0571881011128425,-100.0,0,0.0,,0.0,2022,22.0
Kalvin Phillips,0,0.2444907762110233,-0.2444907762110233,-100.0,0,0.136385791003704,-100.0,-0.136385791003704,2022,26.0
Stefan Ortega Moreno,0,0.0,0.0,,0,0.0,,0.0,2022,31.0
Sasa Kalajdzic,0,0.5194780230522156,-0.5194780230522156,-100.0,0,0.0,,0.0,2022,25.0
Donny van de Beek,0,0.08036869764328,-0.08036869764328,-100.0,0,0.1288376990705728,-100.0,-0.1288376990705728,2022,25.0
Konstantinos Tsimikas,0,0.6083908993750811,-0.6083908993750811,-100.0,4,1.3976509422063828,186.19449099969512,2.602349057793617,2022,27.0
Mikkel Damsgaard,0,2.660358265042305,-2.660358265042305,-100.0,0,1.7436131360009313,-100.0,-1.7436131360009313,2022,22.0
Matthew Cash,0,0.1666707005351781,-0.1666707005351781,-100.0,1,0.4675993956625461,113.85827468469893,0.5324006043374538,2022,26.0
Antonee Robinson,0,0.0579266995191574,-0.0579266995191574,-100.0,1,1.0235916152596474,-2.30478785757375,-0.0235916152596473,2022,24.0
Aaron Hickey,0,0.3167129307985306,-0.3167129307985306,-100.0,1,0.6221226900815964,60.73999806514725,0.3778773099184036,2022,20.0
Rúben Dias,0,1.9355910001322627,-1.9355910001322627,-100.0,0,0.3942475691437721,-100.0,-0.3942475691437721,2022,25.0
Vladimir Coufal,0,0.1806397484615445,-0.1806397484615445,-100.0,1,2.275553598999977,-56.05464971515224,-1.2755535989999771,2022,31.0
Hakim Ziyech,0,0.5913859363645315,-0.5913859363645315,-100.0,3,2.549111461266876,17.68806682580441,0.4508885387331243,2022,29.0
Pape Sarr,0,0.0562562998384237,-0.0562562998384237,-100.0,1,0.5660416968166828,76.66543041331072,0.4339583031833172,2022,20.0
Robert Sánchez,0,0.0,0.0,,0,0.0,,0.0,2022,24.0
Elliot Anderson,0,1.1292364411056042,-1.1292364411056042,-100.0,1,1.5604944918304682,-35.91774881390355,-0.5604944918304682,2022,19.0
Kevin Schade,0,1.3834919892251492,-1.3834919892251492,-100.0,1,1.5542514063417912,-35.66034452858055,-0.5542514063417912,2022,20.0
Naouirou Ahamada,0,0.182050397619605,-0.182050397619605,-100.0,0,0.0916864015161991,-100.0,-0.0916864015161991,2022,20.0
Facundo Pellistri,0,0.0,0.0,,0,0.0,,0.0,2022,20.0
Joe Gelhardt,0,0.9828338120132684,-0.9828338120132684,-100.0,2,0.731904000043869,173.25988106092106,1.268095999956131,2022,20.0
Carney Chukwuemeka,0,0.2807844597846269,-0.2807844597846269,-100.0,0,0.5179743207991123,-100.0,-0.5179743207991123,2022,18.0
Isaac Price,0,0.0,0.0,,0,0.0322885997593402,-100.0,-0.0322885997593402,2022,18.0
Cody Drameh,0,0.0,0.0,,0,0.0,,0.0,2022,20.0
Valentino Livramento,0,0.0,0.0,,0,0.0,,0.0,2022,19.0
Anthony Elanga,0,1.2088623978197577,-1.2088623978197577,-100.0,1,1.1436329931020737,-12.559360736216,-0.1436329931020736,2022,20.0
Tyrese Francois,0,0.0,0.0,,0,0.0,,0.0,2022,22.0
David Raya,0,0.1039170026779174,-0.1039170026779174,-100.0,0,0.1581754013895988,-100.0,-0.1581754013895988,2022,26.0
Kristoffer Ajer,0,0.023081500083208,-0.023081500083208,-100.0,0,0.0165113992989063,-100.0,-0.0165113992989063,2022,24.0
Rico Henry,0,1.945255502127111,-1.945255502127111,-100.0,2,3.062078721821308,-34.68489279039794,-1.062078721821308,2022,25.0
Frank Onyeka,0,1.3004195326939223,-1.3004195326939223,-100.0,2,0.9003641102463007,122.13235481508546,1.0996358897536993,2022,24.0
Mads Bech Sørensen,0,0.0,0.0,,0,0.0,,0.0,2022,23.0
Mads Roerslev,0,0.3934907913208008,-0.3934907913208008,-100.0,0,1.8459260575473309,-100.0,-1.8459260575473309,2022,23.0
Halil Dervisoglu,0,0.0668924003839492,-0.0668924003839492,-100.0,0,0.0,,0.0,2022,24.0
Albert Sambi Lokonga,0,0.1307045519351959,-0.1307045519351959,-100.0,0,0.0456785000860691,-100.0,-0.0456785000860691,2022,22.0
Armel Bella Kotchap,0,1.270264146849513,-1.270264146849513,-100.0,2,1.4630886502563951,36.69711672286674,0.5369113497436049,2022,20.0
Nathan Collins,0,0.1207122802734375,-0.1207122802734375,-100.0,0,0.0746328979730606,-100.0,-0.0746328979730606,2022,21.0
Enock Mwepu,0,0.0766704007983207,-0.0766704007983207,-100.0,1,0.4522641953080892,121.10969879426004,0.5477358046919107,2022,24.0
José Sá,0,0.0,0.0,,0,0.0,,0.0,2022,29.0
Chem Campbell,0,0.0622584000229835,-0.0622584000229835,-100.0,0,0.0,,0.0,2022,19.0
Cameron Archer,0,0.0,0.0,,0,0.0,,0.0,2022,21.0
Shandon Baptiste,0,0.184569239616394,-0.184569239616394,-100.0,1,1.0790189672261477,-7.323223189420205,-0.0790189672261476,2022,24.0
Jeremy Sarmiento,0,0.2745006997138262,-0.2745006997138262,-100.0,1,0.2008139938116073,397.9732642228834,0.7991860061883926,2022,20.0
Samuel Edozie,0,1.0850969199091196,-1.0850969199091196,-100.0,0,0.3165547512471676,-100.0,-0.3165547512471676,2022,19.0
Hugo Bueno,0,0.1124543994665145,-0.1124543994665145,-100.0,1,1.070818241685629,-6.6134698615285386,-0.0708182416856288,2022,19.0
Lewis Brunt,0,0.0,0.0,,0,0.0,,0.0,2022,21.0
Lewis Hall,0,0.9621372651308776,-0.9621372651308776,-100.0,0,2.483380403369665,-100.0,-2.483380403369665,2022,17.0
Vitalii Mykolenko,0,0.6954699149355292,-0.6954699149355292,-100.0,0,1.0392506159842014,-100.0,-1.0392506159842014,2022,24.0
Nathan Patterson,0,0.8275385983288288,-0.8275385983288288,-100.0,0,0.7127293702214956,-100.0,-0.7127293702214956,2022,20.0
Omari Hutchinson,0,0.0,0.0,,0,0.0,,0.0,2022,18.0
Odeluga Offiah,0,0.0,0.0,,0,0.0,,0.0,2022,19.0
Matthew Craig,0,0.0,0.0,,0,0.0,,0.0,2022,19.0
Malcolm Ebiowei,0,0.0,0.0,,0,0.0,,0.0,2022,18.0
Jay Stansfield,0,0.1730169951915741,-0.1730169951915741,-100.0,0,0.0589650012552738,-100.0,-0.0589650012552738,2022,19.0
Luke Harris,0,0.0,0.0,,0,0.0,,0.0,2022,17.0
Jordan Zemura,0,0.3462909907102585,-0.3462909907102585,-100.0,1,2.14239261392504,-53.32321473196655,-1.1423926139250402,2022,22.0
Ben Pearson,0,0.0565079990774393,-0.0565079990774393,-100.0,0,0.0,,0.0,2022,27.0
Emiliano Marcondes,0,0.0,0.0,,0,0.0,,0.0,2022,27.0
Siriki Dembélé,0,0.1077635008841753,-0.1077635008841753,-100.0,0,0.2604870051145553,-100.0,-0.2604870051145553,2022,25.0
Darko Gyabi,0,0.0653707012534141,-0.0653707012534141,-100.0,0,0.0,,0.0,2022,18.0
Connor Ronan,0,0.0,0.0,,0,0.0,,0.0,2022,24.0
Joseph Hodge,0,0.2323972880840301,-0.2323972880840301,-100.0,0,0.0711171999573707,-100.0,-0.0711171999573707,2022,19.0
Scott McKenna,0,0.072630500420928,-0.072630500420928,-100.0,0,0.8567974828183651,-100.0,-0.8567974828183651,2022,25.0
Harry Toffolo,0,0.2182767949998378,-0.2182767949998378,-100.0,0,0.4909842014312744,-100.0,-0.4909842014312744,2022,26.0
Alex Mighten,0,0.0,0.0,,0,0.0,,0.0,2022,21.0
Djed Spence,0,0.1141080036759376,-0.1141080036759376,-100.0,0,0.0,,0.0,2022,21.0
Gavin Bazunu,0,0.0,0.0,,0,0.0428376011550426,-100.0,-0.0428376011550426,2022,20.0
Tyrell Malacia,0,0.1680589988827705,-0.1680589988827705,-100.0,0,0.7472324855625629,-100.0,-0.7472324855625629,2022,22.0
Levi Colwill,0,1.5830463785678148,-1.5830463785678148,-100.0,2,0.6098756808787584,227.9356863546744,1.3901243191212416,2022,19.0
Jan Paul van Hecke,0,0.5538489818572998,-0.5538489818572998,-100.0,0,0.0,,0.0,2022,22.0
Daniel Iversen,0,0.0,0.0,,0,0.0,,0.0,2022,25.0
Keane Lewis-Potter,0,0.6775096822530031,-0.6775096822530031,-100.0,1,1.429301805794239,-30.035770195902277,-0.429301805794239,2022,21.0
Flynn Downes,0,0.3241226226091385,-0.3241226226091385,-100.0,0,0.0507442839443683,-100.0,-0.0507442839443683,2022,23.0
Rico Lewis,0,0.2003175821155309,-0.2003175821155309,-100.0,0,1.379109164699912,-100.0,-1.379109164699912,2022,17.0
Jamal Lowe,0,0.0,0.0,,0,0.0,,0.0,2022,28.0
Bobby Clark,0,0.0,0.0,,0,0.0,,0.0,2022,17.0
Ryan Yates,0,1.7420261716470122,-1.7420261716470122,-100.0,2,1.0617644041776657,88.3657044943973,0.9382355958223344,2022,24.0
Joseph Whitworth,0,0.0,0.0,,0,0.0,,0.0,2022,18.0
Owen Bevan,0,0.0,0.0,,0,0.0,,0.0,2022,18.0
Marquinhos,0,0.0,0.0,,0,0.0,,0.0,2022,19.0
Juan Larios,0,0.0,0.0,,0,0.0,,0.0,2022,18.0
Ethan Nwaneri,0,0.0,0.0,,0,0.0,,0.0,2022,15.0
Kobbie Mainoo,0,0.0,0.0,,0,0.0,,0.0,2022,17.0
Andrew Moran,0,0.0,0.0,,0,0.0,,0.0,2022,18.0
Mateo Joseph,0,0.0736948028206825,-0.0736948028206825,-100.0,0,0.0,,0.0,2022,18.0
Ben Doak,0,0.0,0.0,,0,0.0,,0.0,2022,16.0
Thomas Cannon,0,0.0505074001848697,-0.0505074001848697,-100.0,0,0.0708136036992073,-100.0,-0.0708136036992073,2022,19.0
Dexter Lembikisa,0,0.0,0.0,,0,0.0,,0.0,2022,18.0
Divin Mubama,0,0.0,0.0,,0,0.0591654740273952,-100.0,-0.0591654740273952,2022,17.0
David Ozoh,0,0.0,0.0,,0,0.0,,0.0,2022,17.0
Jack Hinshelwood,0,0.0,0.0,,0,0.0,,0.0,2022,17.0
Gustavo Scarpa,0,0.2078698715195059,-0.2078698715195059,-100.0,0,0.0278489999473094,-100.0,-0.0278489999473094,2022,28.0
David Datro Fofana,0,0.326112687587738,-0.326112687587738,-100.0,0,0.0874276300892233,-100.0,-0.0874276300892233,2022,20.0
Mislav Orsic,0,0.0,0.0,,0,0.0,,0.0,2022,31.0
Mykhailo Mudryk,0,1.9044867679476736,-1.9044867679476736,-100.0,2,0.7282041758298874,174.6482465196974,1.2717958241701126,2022,21.0
Enzo Fernández,0,0.6178922252729535,-0.6178922252729535,-100.0,2,2.1305470690131187,-6.127396616193458,-0.1305470690131187,2022,21.0
James Bree,0,0.014379559084773,-0.014379559084773,-100.0,0,0.1782319955527782,-100.0,-0.1782319955527782,2022,24.0
Paul Onuachu,0,0.9351124968379736,-0.9351124968379736,-100.0,0,0.3200107105076313,-100.0,-0.3200107105076313,2022,28.0
Daniel Bentley,0,0.0,0.0,,0,0.0,,0.0,2022,29.0
Jhon Durán,0,0.7512960135936737,-0.7512960135936737,-100.0,0,0.0525350011885166,-100.0,-0.0525350011885166,2022,18.0
Victor Kristiansen,0,0.1182039007544517,-0.1182039007544517,-100.0,1,0.6666268110275269,50.0089680549478,0.3333731889724731,2022,20.0
Máximo Perrone,0,0.0,0.0,,0,0.0,,0.0,2022,19.0
Yasin Ayari,0,0.0128233004361391,-0.0128233004361391,-100.0,0,0.2380980178713798,-100.0,-0.2380980178713798,2022,18.0
Lewis Miley,0,0.0640049427747726,-0.0640049427747726,-100.0,0,0.0,,0.0,2022,16.0
Illia Zabarnyi,0,0.0,0.0,,0,0.0,,0.0,2022,19.0
George Abbott,0,0.0,0.0,,0,0.0,,0.0,2022,16.0
Cameron Peupion,0,0.0536134205758571,-0.0536134205758571,-100.0,0,0.0,,0.0,2022,19.0
Kamari Doyle,0,0.0,0.0,,0,0.0,,0.0,2022,18.0
Dominic Ballard,0,0.0,0.0,,0,0.0,,0.0,2022,17.0
Shea Charles,0,0.0,0.0,,0,0.0,,0.0,2022,18.0
Samuel Amo-Ameyaw,0,0.0,0.0,,0,0.0250539388507604,-100.0,-0.0250539388507604,2022,16.0
